{"name":"t:sections.footer.name","type":"footer","sections":{"e52fc25c-8b69-4869-bbc1-70f4603d5456":{"type":"newsletter","blocks":{"sections--18390287122722__e52fc25c-8b69-4869-bbc1-70f4603d5456-1680365994b44b10b1-0":{"type":"heading","settings":{"heading":"Subscribe to our emails","heading_size":"h1"}},"sections--18390287122722__e52fc25c-8b69-4869-bbc1-70f4603d5456-1680365994b44b10b1-1":{"type":"paragraph","settings":{"text":"<p>Be the first to know about new collections and exclusive offers.<\/p>"}},"sections--18390287122722__e52fc25c-8b69-4869-bbc1-70f4603d5456-1680365994b44b10b1-2":{"type":"email_form","settings":{}}},"block_order":["sections--18390287122722__e52fc25c-8b69-4869-bbc1-70f4603d5456-1680365994b44b10b1-0","sections--18390287122722__e52fc25c-8b69-4869-bbc1-70f4603d5456-1680365994b44b10b1-1","sections--18390287122722__e52fc25c-8b69-4869-bbc1-70f4603d5456-1680365994b44b10b1-2"],"settings":{"color_scheme":"accent-1","full_width":true,"padding_top":40,"padding_bottom":52}},"footer":{"type":"footer","blocks":{"e8a46a86-8dc1-42d8-b672-7c1f11b35c53":{"type":"text","settings":{"heading":"<strong> <\/strong><a href=\"\/blogs\/tin-tức\/daily-fashion\" title=\"daily fashion\"><strong>Contact us<\/strong><\/a>","subtext":"<h2>Thank you for visiting<\/h2>"}}},"block_order":["e8a46a86-8dc1-42d8-b672-7c1f11b35c53"],"settings":{"color_scheme":"background-1","newsletter_enable":false,"newsletter_heading":"Thank you for visiting<a href=\"https:\/\/www.facebook.com\/TwinsTshop\" target=\"_blank\" title=\"https:\/\/www.facebook.com\/TwinsTshop\">CONTACT US<\/a>","enable_follow_on_shop":true,"show_social":true,"enable_country_selector":true,"enable_language_selector":true,"payment_enable":true,"show_policy":true,"margin_top":36,"padding_top":36,"padding_bottom":36}}},"order":["e52fc25c-8b69-4869-bbc1-70f4603d5456","footer"]}