{"current":{"type_base_font":"montserrat_n4","base_font_size":"16px","base_font_color":"#a6a6a6","type_header_font":"montserrat_n4","heading_font_size":"30px","heading_font_color":"#222222","links_color":"#222222","links_color_hover":"#222222","product_name_color":"#a6a6a6","product_name_color_hover":"#222222","product_price_color":"#fdd444","product_price_sale_color":"#a6a6a6","bg_color":"#ffffff","border_color":"#ededed","color_1":"#222222","color_2":"#fb3e40","color_3":"#ffffff","color_4":"#000000","button_color":"#fdd444","button_text_color":"#ffffff","button_border_color":"#fdd444","button_hover_color":"#ffffff","button_hover_text_color":"#222222","button_hover_border_color":"#222222","alt_button_color":"#ffffff","alt_button_text_color":"#222222","alt_button_border_color":"#ffffff","alt_button_hover_color":"#fdd444","alt_button_hover_text_color":"#ffffff","alt_button_hover_border_color":"#fdd444","favicon":"shopify:\/\/shop_images\/fav.png","sidebar_toggle":true,"sidebar_position":"sidebar_left","wishlist_toggle":false,"wishlist_page":"wishlist","full_w_sections":true,"rtl":false,"breadcrumbs_toggle":true,"contact_map":false,"password_link_view":false,"protect":false,"newsletter_form_type":"newsletter_shopify","newsletter_mailchimp_url":"","newsletter_popup_toggle":false,"newsletter_popup_text1":"Newsletter","newsletter_popup_text2":"Join our mailing list","inverted":false,"newsletter_popup_period":"30","newsletter_popup_bg":"shopify:\/\/shop_images\/image2.jpg","variants_money_toggle":true,"badge_toggle":true,"new_products_period":"10000","new_badge_color":"#222222","new_badge_text_color":"#fff","badge_new_toggle":true,"sale_badge_color":"#ffffff","sale_badge_text_color":"#fb3e40","badge_sale_percent_toggle":false,"badge_sale_toggle":true,"ourstock_badge_color":"#222222","badge_ourstock_toggle":false,"custom_badge_1_toggle":false,"custom_badge_1":"online","custom_badge_1_text":"Only online","custom_badge_1_color":"#ffffff","custom_badge_1_text_color":"#000","custom_badge_2_toggle":false,"custom_badge_2":"accessories","custom_badge_2_text":"Best price","custom_badge_2_color":"#ffffff","custom_badge_2_text_color":"#159ec9","product_reviews":false,"color_option":"Color","size_option":"Size","sharing_fb":true,"sharing_tw":true,"sharing_pin":true,"sect_all":true,"checkout_header_image":"","checkout_logo_image":"shopify:\/\/shop_images\/logo.png","checkout_logo_position":"left","checkout_logo_size":"medium","checkout_body_background_image":"","checkout_body_background_color":"#fff","checkout_input_background_color_mode":"white","checkout_sidebar_background_image":"","checkout_sidebar_background_color":"#fafafa","checkout_heading_font":"Helvetica Neue","checkout_body_font":"Helvetica Neue","checkout_accent_color":"#a6a6a6","checkout_button_color":"#fdd444","checkout_error_color":"#ff6d6d","header_type":"2","footer_type":"2","newsletter_title":"Newsletter","newsletter_tagline":"","sharing_gplus":true,"product_name_size":"14px","section_headers_bg_color":"#be3838","section_headers_alignment":"center","product_border":false,"sale_type":"text","color_scheme":"scheme_1","scheme_1_color_1":"#6fcfb8","scheme_1_color_2":"#333333","scheme_2_color_1":"#f2c94c","scheme_2_color_2":"#242424","scheme_3_color_1":"#77c126","scheme_3_color_2":"#fc5d20","text-animation":true,"base_font":"google_fonts:Roboto","heading_font":"google_fonts:Roboto","currency_selector":"0","supported_currencies":"USD EUR GBP","show_multiple_currencies":"1","currency_format":"money_with_currency_format","default_currency":"USD","currencies_toggle":true,"currencies_list":"","checkout_use_header_image":false,"checkout_logo":"","checkout_use_body_background_image":false,"checkout_use_sidebar_background_image":false,"color_text":"#3d4246","color_body_text":"#788188","color_sale_text":"#7796A8","color_borders":"#e8e9eb","color_button":"#7796A8","color_button_text":"#fff","color_small_button":"#fff","color_small_button_text":"#3d4246","color_text_field":"#fff","color_text_field_text":"#000","color_image_overlay_text":"#fff","color_image_overlay":"#3d4246","image_overlay_opacity":"0.25","color_body_bg":"#fff","type_header_family":"Google_Work+Sans_600_sans","type_header_base_size":"26px","type_base_family":"Google_Work+Sans_400_sans","type_base_size":"16px","type_bold_product_titles":false,"share_facebook":true,"share_twitter":true,"share_pinterest":true,"social_twitter_link":"","social_facebook_link":"","social_pinterest_link":"","social_instagram_link":"","social_tumblr_link":"","social_snapchat_link":"","social_youtube_link":"","social_vimeo_link":"","sections":{"template-collections-listing":{"type":"template-collections-listing","blocks":{"1575036694125":{"type":"image","settings":{"collection":""}}},"block_order":["1575036694125"],"settings":{"size":"large","style":"type_1","img_alignment":"top"}},"template-collection":{"type":"template-collection","settings":{"items_per_page":"10","fullwidth_toggle":true,"collection_desc_toggle":true,"collection_tags_toggle":true,"product_img_alignment":"center","img_size":"medium","collection_img_alignment":"center"}},"template-product":{"type":"template-product","blocks":{"1524829489002":{"type":"all_tab","settings":{"title":"Delivery","page":"delivery-info"}},"1570618849665":{"type":"reviews","settings":{"title":"Product reviews"}}},"block_order":["1524829489002","1570618849665"],"settings":{"product_view_type":"carousel_big","image_alignment":"top","show_sku":false,"show_short_desk":true,"show_color":true,"show_size":true,"show_vendor":false,"show_product_types":false,"show_barcode":true,"show_weight":true,"show_tags":true,"show_collections":true,"show_share_buttons":true,"show_desc":true,"show_notify_button":true,"show_policy":false,"security_text":"Security policy","delivery_text":"Delivery policy","return_text":"Return policy","show_related_products":true,"related_products_title":"Related product"}},"template-blog":{"type":"template-blog","settings":{"size":"small","pagination_count":"6","img_alignment":"center"}},"template-article":{"type":"template-article","settings":{"img_size":"master","img_alignment":"center"}},"sidebar":{"type":"sidebar","blocks":{"1527867816771":{"type":"widget_linklist","settings":{"title":"Collections","links":"collections"}},"1570187000212":{"type":"widget_types","settings":{"title":"Product types"}}},"block_order":["1527867816771","1570187000212"],"settings":{}},"sidebar-blog":{"type":"sidebar-blog","blocks":{"1570723508479":{"type":"blog_search","settings":{"placeholder":"Search blog"}},"1526376031917":{"type":"link-list","settings":{"block_title":"categories","links":"collections"}},"1570723464089":{"type":"resent_articles","settings":{"title":"Recent Post"}},"1530529813107":{"type":"blog_tags","settings":{"title":"Blog tags"}},"1530529473539":{"type":"blog_comments","settings":{"title":"Blog comments"}},"1570723518918":{"type":"widget_banner","settings":{"image":"shopify:\/\/shop_images\/banner_3.png","banner_height":"large","title":"","text":"NEW collection","link":"shopify:\/\/collections","caption_position":"top"}}},"block_order":["1570723508479","1526376031917","1570723464089","1530529813107","1530529473539","1570723518918"],"settings":{}},"template-privacy-policy":{"type":"template-privacy-policy","blocks":{"1503144156672":{"type":"text-block","settings":{"title":"General information","text":"<p>Welcome to our Privacy Policy page! When you use our store services, you trust us with your information. This Privacy Policy is meant to help you understand what data we collect, why we collect it, and what we do with it. When you share information with us, we can make our services even better for you. For instance, we can show you more relevant search results and ads, help you connect with people or to make sharing with others quicker and easier. As you use our services, we want you to be clear how we&rsquo;re using information and the ways in which you can protect your privacy. This is important; we hope you will take time to read it carefully. Remember, you can find controls to manage your information and protect your privacy and security. We&rsquo;ve tried to keep it as simple as possible.<\/p>"}},"1503144183486":{"type":"text-block","settings":{"title":"Right to access, correct and delete data and to object to data processing","text":"<p>Our customers have the right to access, correct and delete personal data relating to them, and to object to the processing of such data, by addressing a written request, at any time. The Company makes every effort to put in place suitable precautions to safeguard the security and privacy of personal data, and to prevent it from being altered, corrupted, destroyed or accessed by unauthorized third parties. However, the Company does not control each and every risk related to the use of the Internet, and therefore warns the Site users of the potential risks involved in the functioning and use of the Internet. The Site may include links to other web sites or other internet sources. As the Company cannot control these web sites and external sources, the Company cannot be held responsible for the provision or display of these web sites and external sources, and may not be held liable for the content, advertising, products, services or any other material available on or from these web sites or external sources.<\/p>"}},"1503144204191":{"type":"text-block","settings":{"title":"Management of personal data","text":"<p>You can view or edit your personal data online for many of our services. You can also make choices about our collection and use of your data. How you can access or control your personal data will depend on which services you use. You can choose whether you wish to receive promotional communications from our store by email, SMS, physical mail, and telephone. If you receive promotional email or SMS messages from us and would like to opt out, you can do so by following the directions in that message. You can also make choices about the receipt of promotional email, telephone calls, and postal mail by visiting and signing into Company Promotional Communications Manager, which allows you to update contact information, manage contact preferences, opt out of email subscriptions, and choose whether to share your contact information with our partners. These choices do not apply to mandatory service communications that are part of certain store services.<\/p>"}},"1503144229373":{"type":"text-block","settings":{"title":"Information we collect","text":"<p>Our store collects data to operate effectively and provide you the best experiences with our services. You provide some of this data directly, such as when you create a personal account. We get some of it by recording how you interact with our services by, for example, using technologies like cookies, and receiving error reports or usage data from software running on your device. We also obtain data from third parties (including other companies). For example, we supplement the data we collect by purchasing demographic data from other companies. We also use services from other companies to help us determine a location based on your IP address in order to customize certain services to your location. The data we collect depends on the services and features you use.<\/p>"}},"1503144255733":{"type":"text-block","settings":{"title":"How we use your information","text":"<p>Our store uses the data we collect for three basic purposes: to operate our business and provide (including improving and personalizing) the services we offer, to send communications, including promotional communications, and to display advertising. In carrying out these purposes, we combine data we collect through the various store services you use to give you a more seamless, consistent and personalized experience. However, to enhance privacy, we have built in technological and procedural safeguards designed to prevent certain data combinations. For example, we store data we collect from you when you are unauthenticated (not signed in) separately from any account information that directly identifies you, such as your name, email address or phone number.<\/p>"}},"1503144272560":{"type":"text-block","settings":{"title":"Sharing your information","text":"<p>We share your personal data with your consent or as necessary to complete any transaction or provide any service you have requested or authorized. For example, we share your content with third parties when you tell us to do so. When you provide payment data to make a purchase, we will share payment data with banks and other entities that process payment transactions or provide other financial services, and for fraud prevention and credit risk reduction. In addition, we share personal data among our controlled affiliates and subsidiaries. We also share personal data with vendors or agents working on our behalf for the purposes described in this statement. For example, companies we've hired to provide customer service support or assist in protecting and securing our systems and services may need access to personal data in order to provide those functions. In such cases, these companies must abide by our data privacy and security requirements and are not allowed to use personal data they receive from us for any other purpose. We may also disclose personal data as part of a corporate transaction such as a merger or sale of assets.&nbsp;<\/p>"}}},"block_order":["1503144156672","1503144183486","1503144204191","1503144229373","1503144255733","1503144272560"],"settings":{"email":"kardone@demolink.org"}},"template-password":{"type":"template-password","settings":{"header":"We are not ready yet","message":"Our store will be available soon","password_label":"Enter store using password:","newslatter_form":true,"countdown_timer":true,"timer_date_day":"16","timer_date_month":"10","timer_date_year":"2023","social_menu":true,"social_fb":"https:\/\/www.facebook.com\/zemezlab\/","social_tw":"https:\/\/twitter.com\/zemezlab","social_inst":"https:\/\/www.instagram.com\/zemezlabhttps:\/\/www.instagram.com\/zemezlab","social_pin":"","social_gplus":"","social_yt":"https:\/\/www.youtube.com\/channel\/UCPW43un8VFXHe9LxKpR_2Hg"}},"sidebar-sort":{"type":"sidebar-sort","blocks":{"1528103956973":{"type":"color_tag","settings":{"color_tag":"Black","color_tag_items":"#000000"}},"1528103980427":{"type":"color_tag","settings":{"color_tag":"Gray","color_tag_items":"#bdbdbd"}},"1528115308234":{"type":"color_tag","settings":{"color_tag":"Red","color_tag_items":"#de5050"}},"1528115339079":{"type":"color_tag","settings":{"color_tag":"Olive","color_tag_items":"#cda472"}},"1528115398267":{"type":"color_tag","settings":{"color_tag":"Green","color_tag_items":"#25901a"}},"1528115463279":{"type":"color_tag","settings":{"color_tag":"Brown","color_tag_items":"#864809"}},"1528115500668":{"type":"color_tag","settings":{"color_tag":"Beige","color_tag_items":"#ebddc5"}},"1528115558465":{"type":"color_tag","settings":{"color_tag":"Blue","color_tag_items":"#4351ca"}},"1528115760736":{"type":"color_tag","settings":{"color_tag":"DarkBlue","color_tag_items":"#190790"}},"1528115612871":{"type":"name_tag","settings":{"name_tag":"L"}},"1528105473622":{"type":"name_tag","settings":{"name_tag":"XL"}},"1528115621419":{"type":"name_tag","settings":{"name_tag":"XXL"}}},"block_order":["1528103956973","1528103980427","1528115308234","1528115339079","1528115398267","1528115463279","1528115500668","1528115558465","1528115760736","1528115612871","1528105473622","1528115621419"],"settings":{"show_section":false,"title":"Sort","text":"find","filter_category":true,"filter_type":true,"custom_tags_caption_1":"Size","custom_tags_1":"L,XL,XXL","custom_tags_caption_2":"","custom_tags_2":"","button":"Sort","color_option_heading":"Color","tag_option_heading":"Size"}},"template-contact":{"type":"template-contact","settings":{"phone_title":"CUSTOMER SERVICE","phone_text":"+09123 456 789","phone_text_info":"<p>Monday to Friday<\/p>\n<p>10am - 6.30pm (NewYork time)<\/p>","phone_title_2":"PRODUCTS & ORDERS","phone_text_2":"+09123 456 789","phone_text_info_2":"<p>Monday to Friday<\/p>\n<p>10am - 6.30pm (NewYork time)<\/p>","location_title":"STORE LOCATOR","location_text":"521 Fifth Avenue, Pelham, NY 10783"}},"helper":{"type":"helper","settings":{}},"1566216750178":{"type":"index-slideshow","blocks":{"1566550440517":{"type":"image","settings":{"image":"shopify:\/\/shop_images\/slide_1.png","img_alignment":"center","caption_position":"left","inverted":true,"caption_txt2":"Pet food & accessories","caption_txt1":"<p>Make Your <\/p><p>pets Happy<\/p>","caption_txt3":"Shop now","caption_link":"shopify:\/\/collections\/for-fish","caption_txt4":"Shop women","caption_link_2":""}},"1566216750178-0":{"type":"image","settings":{"image":"shopify:\/\/shop_images\/slide_2.png","img_alignment":"center","caption_position":"left","inverted":false,"caption_txt2":"Satisfy Your Pet's Palate","caption_txt1":"<p>best Dog clothing <\/p><p>&amp; accessories<\/p>","caption_txt3":"Shop now","caption_link":"shopify:\/\/collections\/for-dogs","caption_txt4":"","caption_link_2":""}},"5ecdb147-7d59-4a26-b2bf-4a697ef8c178":{"type":"image","settings":{"image":"shopify:\/\/shop_images\/slide_3.png","img_alignment":"top","caption_position":"left","inverted":true,"caption_txt2":"Get up to 20% off!","caption_txt1":"<p>EVERYTHING TO WELCOME <\/p><p>your puppy HOME!<\/p>","caption_txt3":"SHOP NOW","caption_link":"shopify:\/\/collections\/for-rabbits","caption_txt4":"","caption_link_2":""}}},"block_order":["1566550440517","1566216750178-0","5ecdb147-7d59-4a26-b2bf-4a697ef8c178"],"settings":{"slideshow_layout":"full_width","autoplay":false,"autoplay_speed":"5000","slideshow_height":"medium","slideshow_pagination":"dynamicBullets","slideshow_effect":"fade"}},"1566388074654":{"type":"index-banners","blocks":{"6502aaba-0a7b-45be-843f-2939e72f48e1":{"type":"banner_66_2","settings":{"banner_style":"telling","item_img":"shopify:\/\/shop_images\/banner_1.png","item_subtitle":"Upgrade to a Fully-fledged Kardone!","item_title":"Featuring a additional pages, plugins, beautiful pictures and fully functionality!","item_text":"","inverted":true,"item_link":"https:\/\/www.templatemonster.com\/shopify-themes-type\/62439.html","button_text":"Shop now","item_2_link":"","button_2_text":"","item_img_2":"shopify:\/\/shop_images\/banner_2.png","item_subtitle_2":"Starting from $19.99","item_title_2":"Grooming supplies","item_text_2":"","item_inverted_2":false,"item_link_2":"shopify:\/\/collections\/for-dogs","button_text_2":"Shop now","item_2_link_2":"","button_2_text_2":""}},"29b27989-a890-4c81-ab8a-be2a97a4dbb8":{"type":"banner_33","settings":{"banner_style":"telling","revert":false,"item_img":"shopify:\/\/shop_images\/banner_3.png","item_subtitle":"Starting from $19.99","item_title":"Dogs care","item_text":"","inverted":true,"position_bottom":false,"item_link":"shopify:\/\/collections\/for-cats","button_text":"Shop now","item_2_link":"","button_2_text":""}}},"block_order":["6502aaba-0a7b-45be-843f-2939e72f48e1","29b27989-a890-4c81-ab8a-be2a97a4dbb8"],"settings":{"section_title":"","sect_view":"container","background_toggle":false,"bg_color":"#ffffff"}},"1567074526361":{"type":"index-divider","settings":{"section_view":"boxed","padding_top":25,"padding_bottom":0,"margin_top":0,"margin_bottom":0,"background_color":"","tablet_padding_top":20,"tablet_padding_bottom":0,"tablet_margin_top":0,"tablet_margin_bottom":0}},"header-2":{"type":"header-2","blocks":{"1568649904694":{"type":"link-linklist","settings":{"title":"Home","link":"https:\/\/45397-theme003.myshopify.com\/","badge_text":"","bg_color":"#159ec9","links":"main-menu"}},"cfbb1b81-ba1c-4f72-90b8-db97bd1e5523":{"type":"2link-2ban","settings":{"title":"Catalog","link":"shopify:\/\/collections\/all","badge_text":"","bg_color":"#159ec9","links_1":"collections","links_2":"main-menu","banner_link_1":"shopify:\/\/collections\/for-dogs","banner_image_1":"shopify:\/\/shop_images\/banner_4.png","item_title_1":"Toys","banner_link_2":"shopify:\/\/collections\/for-dogs","banner_image_2":"shopify:\/\/shop_images\/banner_5.png","item_title_2":"Clothes"}},"c445e374-eb1f-4c97-bc4b-26d07b370fb2":{"type":"link-linklist","settings":{"title":"Collections","link":"shopify:\/\/collections","badge_text":"","bg_color":"#159ec9","links":"collections"}},"1568649937257":{"type":"2link-3ban","settings":{"title":"Clearance","link":"shopify:\/\/blogs\/blog","badge_text":"","bg_color":"#159ec9","show_title":true,"links_1":"","links_2":"","banner_link_1":"shopify:\/\/collections\/vintage","title_bn_1":"Men","banner_link_2":"shopify:\/\/collections\/vintage","title_bn_2":"Final clearence","banner_link_3":"shopify:\/\/collections\/sale","title_bn_3":"Women"}},"e0f14ed9-ab03-45f9-8917-a6c3d25ede49":{"type":"link-simple","settings":{"title":"Sections All","link":"shopify:\/\/pages\/sections-all","badge_text":"","bg_color":"#159ec9"}},"1568710659852":{"type":"link-simple","settings":{"title":"Contact Us","link":"shopify:\/\/pages\/contact-us","badge_text":"","bg_color":"#159ec9"}}},"block_order":["1568649904694","cfbb1b81-ba1c-4f72-90b8-db97bd1e5523","c445e374-eb1f-4c97-bc4b-26d07b370fb2","1568649937257","e0f14ed9-ab03-45f9-8917-a6c3d25ede49","1568710659852"],"settings":{"logo_type":"img","logo_width":160,"logo_height":40,"logo_main":"shopify:\/\/shop_images\/logo.png","logo_slogan":"","social_menu":true,"social_fb":"https:\/\/www.facebook.com\/zemezlab\/","social_tw":"https:\/\/twitter.com\/zemezlab","social_inst":"https:\/\/www.instagram.com\/zemezlab","social_pin":"","social_yt":"https:\/\/www.youtube.com\/channel\/UCPW43un8VFXHe9LxKpR_2Hg","header_search":true,"header_search_ajax":true,"currency_selector":true,"supported_currencies":"USD EUR GBP","header_user":true,"header_cart":true,"ajax_cart":true,"megamenu_toggle":true}},"1569058050008":{"type":"index-divider","settings":{"section_view":"boxed","padding_top":0,"padding_bottom":0,"margin_top":86,"margin_bottom":0,"background_color":"","tablet_padding_top":0,"tablet_padding_bottom":0,"tablet_margin_top":40,"tablet_margin_bottom":0}},"1569058924109":{"type":"index-products-carousel","settings":{"section_title":"New products","section_collection":"for-dogs","products_count":"10","img_size":"medium","img_alignment":"center"}},"footer-2":{"type":"footer-2","blocks":{"1569312935592":{"type":"linklist","settings":{"links":"my-account"}},"1569313094900":{"type":"contacts","settings":{"contacts_title":"Customer  Service","contacts_address":"<p>Monday to Friday <br>10am - 6.30pm (NewYork time) <\/p>","contacts_phone":"+(001) 23 45 67 89","contacts_email":"shopify@zemez.io"}},"ea5f4050-22a1-48b5-96cb-fb92c6c10743":{"type":"contacts","settings":{"contacts_title":"Our guarantees","contacts_address":"<p>Shipping in 3 days<\/p><p>Free returns within 14 days<\/p><p>Secure payments<\/p>","contacts_phone":"","contacts_email":""}},"1569313085095":{"type":"linklist","settings":{"links":"our-company"}}},"block_order":["1569312935592","1569313094900","ea5f4050-22a1-48b5-96cb-fb92c6c10743","1569313085095"],"settings":{"newsletter":true,"newsletter_title":"Get our latest news and special sales","newsletter_text":"You may unsubscribe at any moment. For that purpose, please find our contact info in the legal notice.","powered_toggle":true,"payment_icons_toggle":true,"amazon_payments":true,"apple_pay":true,"american_express":false,"bitcoin":true,"dankort":false,"diners_club":false,"discover":false,"dogecoin":false,"dwolla":false,"jcb":true,"litecoin":false,"maestro":true,"master":false,"paypal":true,"visa":true,"google-wallet":true,"google_pay":false,"shopify_pay":false,"social_menu":true,"social_fb":"https:\/\/www.facebook.com\/zemezlab\/","social_tw":"https:\/\/twitter.com\/zemezlab","social_inst":"https:\/\/www.instagram.com\/zemezlab","social_pin":"","social_yt":"https:\/\/www.youtube.com\/channel\/UCPW43un8VFXHe9LxKpR_2Hg"}},"template-cart":{"type":"template-cart","settings":{"show_policy":true,"security_page":"shopify:\/\/policies\/terms-of-service","security_text":"Security policy","delivery_page":"shopify:\/\/policies\/privacy-policy","delivery_text":"Delivery policy","return_page":"shopify:\/\/policies\/refund-policy","return_text":"Return policy"}},"index-banners":{"type":"index-banners","blocks":{"1570717078324":{"type":"banner_33","settings":{"banner_style":"minimal","revert":false,"item_img":"shopify:\/\/shop_images\/Rectangle_13.png","item_subtitle":"","item_title":"","item_text":"Accessories","inverted":false,"position_bottom":false,"item_link":"shopify:\/\/collections\/for-reptilies","button_text":"","button_2_text":""}},"1570717082515":{"type":"banner_33","settings":{"banner_style":"minimal","revert":false,"item_img":"shopify:\/\/shop_images\/banner_4.png","item_subtitle":"","item_title":"","item_text":"Toys","inverted":true,"position_bottom":false,"item_link":"shopify:\/\/collections\/for-cats","button_text":"","button_2_text":""}},"1570717085655":{"type":"banner_33","settings":{"banner_style":"minimal","revert":false,"item_img":"shopify:\/\/shop_images\/banner_5.png","item_subtitle":"","item_title":"","item_text":"Fashion","inverted":false,"position_bottom":true,"item_link":"shopify:\/\/collections\/for-rabbits","button_text":"","button_2_text":""}}},"block_order":["1570717078324","1570717082515","1570717085655"],"settings":{"section_title":"","sect_view":"container","background_toggle":false,"bg_color":"#ffffff"}},"index-products-carousel":{"type":"index-products-carousel","settings":{"section_title":"Popular products","section_collection":"for-fish","products_count":"8","img_size":"medium","img_alignment":"top"}},"index-slideshow":{"type":"index-slideshow","blocks":{"1570720233200":{"type":"image","settings":{"image":"shopify:\/\/shop_images\/slide_3.png","img_alignment":"top","caption_position":"left","inverted":true,"caption_txt2":"","caption_txt1":"<p>EVERYTHING TO WELCOME<\/p><p> your puppy HOME!<\/p>","caption_txt3":"Shop now","caption_link":"shopify:\/\/collections\/for-fish","caption_txt4":""}},"1570720236302":{"type":"image","settings":{"image":"shopify:\/\/shop_images\/slide_2.png","img_alignment":"top","caption_position":"left","inverted":false,"caption_txt2":"Tell your brand's story and images","caption_txt1":"<p>best Dog clothing <\/p><p>&amp; accessories<\/p>","caption_txt3":"SHOP NOW","caption_link":"shopify:\/\/collections\/for-fish","caption_txt4":"VIEW NOW","caption_link_2":"shopify:\/\/collections\/sale"}}},"block_order":["1570720233200","1570720236302"],"settings":{"slideshow_layout":"full_width","autoplay":true,"autoplay_speed":"5000","slideshow_height":"small","slideshow_pagination":"dynamicBullets","slideshow_effect":"slide"}},"index-image-with-text":{"type":"index-image-with-text","blocks":{"1570721294900":{"type":"heading","settings":{"text":"<p>A TEAM THAT'S EMPOWERED, DIVERSE AND INCLUSIVE<\/p>"}},"1570721310079":{"type":"text","settings":{"text":"Our store is more than just another average online retailer. We sell not only top quality products, but give our customers a positive online shopping experience. Forget about struggling to do everything at once: taking care of the family, running your business, walking your dog, cleaning the house, doing the shopping, etc."}},"1570721321613":{"type":"list","settings":{"text":"<p>&bull; We guarantee the highest quality<br>&bull; We deliver our goods worldwide<br>&bull; We work to make your life more enjoyable<\/p>"}}},"block_order":["1570721294900","1570721310079","1570721321613"],"settings":{"hide_section":false,"image":"shopify:\/\/shop_images\/slide_2.png","layout":"right","img_size":"small","img_alignment":"center","centred":false}},"index-featured-products":{"type":"index-featured-products","settings":{"section_title":"Featured products","section_collection":"for-rabbits","products_limit":"4","img_size":"280x280","img_alignment":"top"}},"index-newsletter":{"type":"index-newsletter","settings":{"hide_section":false,"title":"NEWSLETTER","text":"Sign up to receive emails on new product arrivals, special offers and exclusive events","background_toggle":true,"bg_color":"#ffffff"}},"index-blog-articles":{"type":"index-blog-articles","settings":{"section_title":"","section_blog":"blog","section_blog_limit":"2","img_alignment":"top","text_position":"normal","blog_author":false}},"template-contact-form":{"type":"template-contact-form","settings":{"item_form_title":"Have a question about a product, our company, or just want to chat? Email us!","item_form_text":"We will be glad to assist you in any question and encourage you to share your ideas and improvements with us."}},"template-account":{"type":"template-account","settings":{"welcome_text":"From your \"My Account\" page you have the ability to view your recent account activity and update your account information. Just select a link below."}},"1572613306853":{"type":"index-divider","settings":{"section_view":"boxed","padding_top":35,"padding_bottom":0,"margin_top":100,"margin_bottom":0,"background_color":"","tablet_padding_top":15,"tablet_padding_bottom":0,"tablet_margin_top":50,"tablet_margin_bottom":0}},"index-image-with-text-overlay":{"type":"index-image-with-text-overlay","blocks":{"1580304252267":{"type":"header_h2","settings":{"title":"New Collection"}},"1580303943077":{"type":"button","settings":{"button_label":"Shop","button_link":"shopify:\/\/collections"}}},"block_order":["1580304252267","1580303943077"],"settings":{"hide_section":false,"section_height":"medium","section_view":"full_width","image":"shopify:\/\/shop_images\/slide_2.png","img_alignment":"top","parallax":true,"img_alignment_2":"top","parallax_2":false,"caption_align":"left","inverted":false,"caption_bg_color":"#ffffff","caption_bg_color_opacity":0.3}},"sect_all":{"type":"sect_all","settings":{}},"1620303876b256c9cb":{"type":"index-logo-list","blocks":{"4f6a55a8-f0e2-47b4-a760-7675b7de1c4c":{"type":"icon","settings":{"icon":"icon_pet-food","text":"Food","link":"shopify:\/\/collections\/for-dogs"}},"df530653-adf2-49b8-a209-5dfacee5c75a":{"type":"icon","settings":{"icon":"icon_spray","text":"Care","link":"shopify:\/\/collections\/for-cats"}},"5c5032f3-cc53-4ab0-af15-c1b2c08a8fd5":{"type":"icon","settings":{"icon":"icon_leash","text":"Accessories","link":"shopify:\/\/collections\/for-fish"}},"75279bee-579f-4536-b195-3f7a1d50f65b":{"type":"icon","settings":{"icon":"icon_dog","text":"Clothing","link":"shopify:\/\/collections\/for-rabbits"}},"23d97f50-a046-4a0f-8b7d-569d705fc27a":{"type":"icon","settings":{"icon":"icon_pillow","text":"Decor","link":"shopify:\/\/collections\/for-reptilies"}},"3789b204-3724-4872-976a-d312458e326e":{"type":"icon","settings":{"icon":"icon_brush","text":"Grooming","link":"shopify:\/\/products\/trixie-39813-traveller-capri-i-pet-carrier-48-cm"}},"3188df25-14f8-48d0-916e-f521179515b7":{"type":"icon","settings":{"icon":"icon_medicine","text":"Medicine","link":"shopify:\/\/products\/blueberry-pet-essentials-zoo-fun-dog-collars"}},"cde48bdd-a8b7-4a7a-be1a-34d38431cf0f":{"type":"icon","settings":{"icon":"icon_poop","text":"Lavatory","link":"shopify:\/\/products\/exo-terra-crystal-cave-medium"}}},"block_order":["4f6a55a8-f0e2-47b4-a760-7675b7de1c4c","df530653-adf2-49b8-a209-5dfacee5c75a","5c5032f3-cc53-4ab0-af15-c1b2c08a8fd5","75279bee-579f-4536-b195-3f7a1d50f65b","23d97f50-a046-4a0f-8b7d-569d705fc27a","3789b204-3724-4872-976a-d312458e326e","3188df25-14f8-48d0-916e-f521179515b7","cde48bdd-a8b7-4a7a-be1a-34d38431cf0f"],"settings":{"title":"","section_layout":"full_w","img_size":"medium","img_alignment":"top","section_bg_color":"","inline":false,"item_color":""}},"162030995318780916":{"type":"index-banners","blocks":{"fa5e9fd9-2d7b-487a-8ee3-bbcaaede344b":{"type":"banner_33","settings":{"banner_style":"minimal","revert":false,"item_img":"shopify:\/\/shop_images\/banner_4.png","item_subtitle":"","item_title":"","item_text":"Toys","inverted":true,"position_bottom":true,"item_link":"shopify:\/\/collections\/for-cats","button_text":"","item_2_link":"","button_2_text":""}},"0d552229-c97d-48ab-820a-f1817b7392cd":{"type":"banner_33","settings":{"banner_style":"minimal","revert":false,"item_img":"shopify:\/\/shop_images\/banner_5.png","item_subtitle":"","item_title":"","item_text":"Fashion","inverted":false,"position_bottom":true,"item_link":"shopify:\/\/collections\/for-dogs","button_text":"","item_2_link":"","button_2_text":""}},"3e51266c-aa63-41c3-ad83-fdaebbaebea1":{"type":"banner_33","settings":{"banner_style":"minimal","revert":false,"item_img":"shopify:\/\/shop_images\/Rectangle_13.png","item_subtitle":"","item_title":"","item_text":"Accessories","inverted":false,"position_bottom":true,"item_link":"shopify:\/\/collections\/for-parrots","button_text":"","item_2_link":"","button_2_text":""}}},"block_order":["fa5e9fd9-2d7b-487a-8ee3-bbcaaede344b","0d552229-c97d-48ab-820a-f1817b7392cd","3e51266c-aa63-41c3-ad83-fdaebbaebea1"],"settings":{"section_title":"","sect_view":"container","background_toggle":false,"bg_color":"#ffffff"}},"1620310168378d839d":{"type":"index-divider","settings":{"section_view":"boxed","padding_top":0,"padding_bottom":0,"margin_top":80,"margin_bottom":0,"background_color":"","tablet_padding_top":0,"tablet_padding_bottom":0,"tablet_margin_top":40,"tablet_margin_bottom":0}},"1620310182cbcdcc1a":{"type":"index-featured-products-custom","settings":{"section_title":"Featured products","section_collection":"for-fish","products_limit":"8","img_size":"280x280","img_alignment":"top","banner_image":"shopify:\/\/shop_images\/banner_7.png","banner_title":"<p><strong>Treats<\/strong><\/p><p>Starting from <em>$9.99<\/em><\/p>","banner_link":"shopify:\/\/collections\/for-dogs","banner_link_text":"Shop now"}},"1620310523b877313a":{"type":"index-divider","settings":{"section_view":"boxed","padding_top":0,"padding_bottom":0,"margin_top":43,"margin_bottom":0,"background_color":"","tablet_padding_top":0,"tablet_padding_bottom":0,"tablet_margin_top":20,"tablet_margin_bottom":0}},"162031053381861dbd":{"type":"index-products-carousel","settings":{"section_title":"On sale","section_collection":"for-rabbits","products_count":"8","img_size":"medium","img_alignment":"top"}},"1620310556021b6ffb":{"type":"index-divider","settings":{"section_view":"boxed","padding_top":0,"padding_bottom":0,"margin_top":45,"margin_bottom":0,"background_color":"","tablet_padding_top":0,"tablet_padding_bottom":0,"tablet_margin_top":20,"tablet_margin_bottom":0}},"1620310568520faf17":{"type":"index-logo-list","blocks":{"1620310568520faf17-0":{"type":"logo_image","settings":{"image":"shopify:\/\/shop_images\/brand_1.png","link":"shopify:\/\/products\/cuddler-pet-bed-soft-and-comforting"}},"1620310568520faf17-1":{"type":"logo_image","settings":{"image":"shopify:\/\/shop_images\/brand_2.png","link":"shopify:\/\/products\/black-water-proofing-dog-boots-pet-shoes-dogs-snow-booties"}},"1620310568520faf17-2":{"type":"logo_image","settings":{"image":"shopify:\/\/shop_images\/brand_3.png","link":"shopify:\/\/products\/cuddler-pet-bed-soft-and-comforting"}},"1620310568520faf17-3":{"type":"logo_image","settings":{"image":"shopify:\/\/shop_images\/brand_4.png","link":"shopify:\/\/collections\/for-parrots"}},"1620310568520faf17-4":{"type":"logo_image","settings":{"image":"shopify:\/\/shop_images\/brand_5.png","link":"shopify:\/\/products\/glendan-dog-brush-cat-brush-slicker-pet-grooming-brush-shedding-grooming-tools"}},"1620310568520faf17-5":{"type":"logo_image","settings":{"image":"shopify:\/\/shop_images\/brand_6.png","link":"shopify:\/\/products\/trixie-39813-traveller-capri-i-pet-carrier-48-cm"}}},"block_order":["1620310568520faf17-0","1620310568520faf17-1","1620310568520faf17-2","1620310568520faf17-3","1620310568520faf17-4","1620310568520faf17-5"],"settings":{"title":"Best brands","section_layout":"boxed","img_size":"small","img_alignment":"top","section_bg_color":"","inline":false,"item_color":""}}},"content_for_index":["1566216750178","1620303876b256c9cb","1567074526361","1566388074654","1569058050008","1569058924109","1572613306853","162030995318780916","1620310168378d839d","1620310182cbcdcc1a","1620310523b877313a","162031053381861dbd","1620310556021b6ffb","1620310568520faf17"]},"presets":{"Default":{"content_for_index":[]}}}