{"sections":{"ee826f53-8574-49d7-9f48-b6e38e53d782":{"type":"slideshow","blocks":{"template--18390286172450__ee826f53-8574-49d7-9f48-b6e38e53d782-16820114028eef4636-0":{"type":"slide","settings":{"image":"shopify:\/\/shop_images\/bia_1.png","heading":"","heading_size":"h1","subheading":"","button_label":"BUY NOW","link":"shopify:\/\/collections\/all","button_style_secondary":false,"box_align":"bottom-center","show_text_box":false,"text_alignment":"center","image_overlay_opacity":0,"color_scheme":"background-1","text_alignment_mobile":"center"}},"template--18390286172450__ee826f53-8574-49d7-9f48-b6e38e53d782-16820114028eef4636-1":{"type":"slide","settings":{"image":"shopify:\/\/shop_images\/bia_2.png","heading":"","heading_size":"h1","subheading":"","button_label":"Go to shop","link":"shopify:\/\/collections\/top-sale","button_style_secondary":false,"box_align":"top-center","show_text_box":false,"text_alignment":"center","image_overlay_opacity":0,"color_scheme":"background-1","text_alignment_mobile":"center"}},"9e3f5d3c-3fe1-4869-83b1-8df5aaac0ca7":{"type":"slide","settings":{"image":"shopify:\/\/shop_images\/1_f2ef69da-bf52-49e2-aad8-f659f512541c.png","heading":"","heading_size":"h1","subheading":"","button_label":"SEE NOW","link":"shopify:\/\/collections\/hot-deal-and-discount","button_style_secondary":false,"box_align":"bottom-center","show_text_box":false,"text_alignment":"center","image_overlay_opacity":0,"color_scheme":"background-2","text_alignment_mobile":"center"}},"d8fe9117-955f-491f-ab05-d9586974b1eb":{"type":"slide","settings":{"image":"shopify:\/\/shop_images\/bia_3.png","heading":"","heading_size":"h0","subheading":"","button_label":"COLLECT NOW","link":"shopify:\/\/collections\/new-collection","button_style_secondary":false,"box_align":"middle-center","show_text_box":false,"text_alignment":"center","image_overlay_opacity":0,"color_scheme":"background-1","text_alignment_mobile":"center"}}},"block_order":["template--18390286172450__ee826f53-8574-49d7-9f48-b6e38e53d782-16820114028eef4636-0","template--18390286172450__ee826f53-8574-49d7-9f48-b6e38e53d782-16820114028eef4636-1","9e3f5d3c-3fe1-4869-83b1-8df5aaac0ca7","d8fe9117-955f-491f-ab05-d9586974b1eb"],"custom_css":[],"settings":{"layout":"full_bleed","slide_height":"adapt_image","slider_visual":"dots","auto_rotate":true,"change_slides_speed":3,"image_behavior":"none","show_text_below":true,"accessibility_info":"Slideshow about our brand"}},"31080a32-fe4f-44a1-9924-75164f4845cb":{"type":"collage","blocks":{"template--18390286172450__31080a32-fe4f-44a1-9924-75164f4845cb-1682016648b38c7746-0":{"type":"image","settings":{"image":"shopify:\/\/shop_images\/1996ce2e48ddb2b93bc9a43ac79d5eeb_ed45cf9b-0c93-4062-8a98-a8c9fa1e85e0.jpg"}},"template--18390286172450__31080a32-fe4f-44a1-9924-75164f4845cb-1682016648b38c7746-1":{"type":"product","settings":{"product":"rabit-hiphop-unisex-heavy-blend™-crewneck-sweatshirt","second_image":true}},"template--18390286172450__31080a32-fe4f-44a1-9924-75164f4845cb-1682016648b38c7746-2":{"type":"collection","settings":{"collection":"sweatshirt"}}},"block_order":["template--18390286172450__31080a32-fe4f-44a1-9924-75164f4845cb-1682016648b38c7746-0","template--18390286172450__31080a32-fe4f-44a1-9924-75164f4845cb-1682016648b38c7746-1","template--18390286172450__31080a32-fe4f-44a1-9924-75164f4845cb-1682016648b38c7746-2"],"settings":{"heading":"<a href=\"\/collections\/sweatshirt\" title=\"SWEATSHIRT\"><strong>SWEATSHIRT<\/strong><\/a>","heading_size":"h1","desktop_layout":"left","mobile_layout":"column","card_styles":"product-card-wrapper","color_scheme":"background-1","padding_top":36,"padding_bottom":36}},"a95663b3-ba01-432d-8f8f-1f5b2699f28e":{"type":"video","settings":{"heading":"<a href=\"\/collections\/all\" title=\"Tất cả sản phẩm\">Video<\/a>","heading_size":"h1","enable_video_looping":true,"video":"shopify:\/\/files\/videos\/Untitled.mp4","video_url":"https:\/\/youtu.be\/boCYwOhls1U","description":"","full_width":false,"color_scheme":"background-1","padding_top":36,"padding_bottom":36}},"featured_collection":{"type":"featured-collection","settings":{"title":"<a href=\"\/collections\/top-sale\" title=\"TOP SALE\">Featured <\/a>products","heading_size":"h2","description":"","show_description":true,"description_style":"subtitle","collection":"all","products_to_show":8,"columns_desktop":4,"full_width":false,"show_view_all":true,"view_all_style":"solid","enable_desktop_slider":false,"color_scheme":"background-2","image_ratio":"adapt","show_secondary_image":true,"show_vendor":false,"show_rating":false,"enable_quick_add":true,"columns_mobile":"2","swipe_on_mobile":true,"padding_top":44,"padding_bottom":36}},"0822ae1d-a0e6-4522-b285-acf4763a3af8":{"type":"collection-list","blocks":{"template--18390286172450__0822ae1d-a0e6-4522-b285-acf4763a3af8-16816190257a7dbcbe-0":{"type":"featured_collection","settings":{"collection":"japan-culture-collection"}},"template--18390286172450__0822ae1d-a0e6-4522-b285-acf4763a3af8-16816190257a7dbcbe-1":{"type":"featured_collection","settings":{"collection":"cat-dog-and-the-cutelest"}},"template--18390286172450__0822ae1d-a0e6-4522-b285-acf4763a3af8-16816190257a7dbcbe-2":{"type":"featured_collection","settings":{"collection":"daily-day"}},"51e475d0-9b7b-4e5e-84af-f496649d1cfb":{"type":"featured_collection","settings":{"collection":"sweat-thing"}},"9d5d3aa4-321b-4d91-b057-c763d540c3e7":{"type":"featured_collection","settings":{"collection":"fashion-an-fantacy-collection"}},"e593b133-4032-4165-8463-86414095d7c4":{"type":"featured_collection","settings":{"collection":"baby-fashion-collect"}},"d177663a-2581-446a-ac34-679482a8e3f6":{"type":"featured_collection","settings":{"collection":""}}},"block_order":["template--18390286172450__0822ae1d-a0e6-4522-b285-acf4763a3af8-16816190257a7dbcbe-0","template--18390286172450__0822ae1d-a0e6-4522-b285-acf4763a3af8-16816190257a7dbcbe-1","template--18390286172450__0822ae1d-a0e6-4522-b285-acf4763a3af8-16816190257a7dbcbe-2","51e475d0-9b7b-4e5e-84af-f496649d1cfb","9d5d3aa4-321b-4d91-b057-c763d540c3e7","e593b133-4032-4165-8463-86414095d7c4","d177663a-2581-446a-ac34-679482a8e3f6"],"settings":{"title":"Collections","heading_size":"h2","image_ratio":"square","columns_desktop":3,"color_scheme":"background-1","show_view_all":true,"columns_mobile":"1","swipe_on_mobile":false,"padding_top":36,"padding_bottom":36}},"e5ea97aa-ce33-4212-bcc8-77fd1ec5ff41":{"type":"multirow","disabled":true,"blocks":{"template--18390286172450__e5ea97aa-ce33-4212-bcc8-77fd1ec5ff41-16820669410c961d72-0":{"type":"row","settings":{"caption":"Caption","heading":"Row","text":"<p>Pair text with an image to focus on your chosen product, collection, or blog post. Add details on availability, style, or even provide a review.<\/p>","button_label":"Button label","button_link":""}},"template--18390286172450__e5ea97aa-ce33-4212-bcc8-77fd1ec5ff41-16820669410c961d72-1":{"type":"row","settings":{"caption":"Caption","heading":"Row","text":"<p>Pair text with an image to focus on your chosen product, collection, or blog post. Add details on availability, style, or even provide a review.<\/p>","button_label":"Button label","button_link":""}},"template--18390286172450__e5ea97aa-ce33-4212-bcc8-77fd1ec5ff41-16820669410c961d72-2":{"type":"row","settings":{"caption":"Caption","heading":"Row","text":"<p>Pair text with an image to focus on your chosen product, collection, or blog post. Add details on availability, style, or even provide a review.<\/p>","button_label":"Button label","button_link":""}}},"block_order":["template--18390286172450__e5ea97aa-ce33-4212-bcc8-77fd1ec5ff41-16820669410c961d72-0","template--18390286172450__e5ea97aa-ce33-4212-bcc8-77fd1ec5ff41-16820669410c961d72-1","template--18390286172450__e5ea97aa-ce33-4212-bcc8-77fd1ec5ff41-16820669410c961d72-2"],"settings":{"image_height":"medium","desktop_image_width":"medium","heading_size":"h1","text_style":"body","button_style":"secondary","desktop_content_position":"middle","desktop_content_alignment":"left","image_layout":"alternate-left","section_color_scheme":"background-1","row_color_scheme":"background-1","mobile_content_alignment":"left","padding_top":36,"padding_bottom":36}}},"order":["ee826f53-8574-49d7-9f48-b6e38e53d782","31080a32-fe4f-44a1-9924-75164f4845cb","a95663b3-ba01-432d-8f8f-1f5b2699f28e","featured_collection","0822ae1d-a0e6-4522-b285-acf4763a3af8","e5ea97aa-ce33-4212-bcc8-77fd1ec5ff41"]}